{
  "best_model": "XGBoost Regressor",
  "metrics": {
    "Linear Regression": {
      "R2": 0.9775290638760017,
      "MAE": 0.017413080833476695,
      "MSE": 0.00048532472627167234,
      "RMSE": 0.022030086842127344
    },
    "Random Forest Regressor": {
      "R2": 0.9790584473344052,
      "MAE": 0.017463746124030864,
      "MSE": 0.0004522932760366561,
      "RMSE": 0.021267187779221212
    },
    "Decision Tree Regressor": {
      "R2": 0.9546728364542612,
      "MAE": 0.024197674418604657,
      "MSE": 0.0009789709302325585,
      "RMSE": 0.031288511153977246
    },
    "XGBoost Regressor": {
      "R2": 0.980389251067068,
      "MAE": 0.015713068884472513,
      "MSE": 0.00042355072816451124,
      "RMSE": 0.02058034810600907
    },
    "Gradient Boosting Regressor": {
      "R2": 0.9796280177258093,
      "MAE": 0.01604760587829001,
      "MSE": 0.00043999175941201264,
      "RMSE": 0.020975980535174337
    }
  }
}